URL,Performance,Accessibility,BestPractices,SEO
"https://ascenten.net",52,88,96,83
"https://ascenten.net/index.html",56,88,96,83
"https://ascenten.net/about-us.html",56,77,96,92
"https://ascenten.net/leadership.html",56,77,96,92
"https://ascenten.net/infrastructure.html",56,76,96,92
"https://ascenten.net/why-are-we-different.html",57,76,96,92
"https://ascenten.net/quality.html",56,80,96,92
"https://ascenten.net/culture.html",56,80,96,92
"https://ascenten.net/affirmative-action-policy.html",57,80,96,92
"https://ascenten.net/iso-certificate.html",56,86,96,92
"https://ascenten.net/product-engineering.html",55,76,96,92
"https://ascenten.net/embedded-software-development.html",55,76,96,92
"https://ascenten.net/analog-design.html",55,70,96,92
"https://ascenten.net/mcu-fpga-dsp-design.html",55,76,96,92
"https://ascenten.net/algorithm-design-analysis.html",55,72,96,92
"https://ascenten.net/pcb-layout-prototyping-and-testing.html",55,76,96,92
"https://ascenten.net/application-software-development.html",56,76,96,92
"https://ascenten.net/feasibility-research.html",55,76,96,92
"https://ascenten.net/industries.html",53,77,96,83
"https://ascenten.net/smart-meter-design-services.html",55,76,96,92
"https://ascenten.net/fire-and-safety.html",55,77,96,83
"https://ascenten.net/automotive-electronics-design.html",53,76,96,92
"https://ascenten.net/wearable-electronics.html",56,76,96,92
"https://ascenten.net/telecom-products-development.html",55,76,96,92
"https://ascenten.net/medical-electronics-design.html",56,80,96,92
"https://ascenten.net/industrial-systems-design.html",55,76,96,92
"https://ascenten.net/consumer-electronics-design.html",55,72,96,92
"https://ascenten.net/internet-of-things.html",54,76,96,92
"https://ascenten.net/leverage-our-expertise.html",57,76,96,92
"https://ascenten.net/benefits.html",57,76,96,92
"https://ascenten.net/turnkey-product-development.html",56,76,96,92
"https://ascenten.net/engineering-projects.html",57,77,96,83
"https://ascenten.net/research-development-program.html",56,76,96,92
"https://ascenten.net/product-re-engineering.html",56,76,96,92
"https://ascenten.net/production-support-services.html",56,76,96,92
"https://ascenten.net/process-excellence.html",56,76,96,92
"https://ascenten.net/tech-notes.html",57,80,96,83
"https://ascenten.net/contact-us.html",56,73,96,92
"https://ascenten.net/enquiry.html",55,80,96,92
"https://ascenten.net/how-to-find-a-right-electronics-design-partner.html",56,76,96,92
"https://ascenten.net/heart-rate-monitoring-2.html",56,76,96,92
"https://ascenten.net/low-power-wearable-device.html",56,77,96,83
"https://ascenten.net/services.html",56,87,96,92
"https://ascenten.net/careers.html",56,87,96,92
"https://ascenten.net/ethics.html",56,76,96,92
"https://ascenten.net/privacy-policy.html",57,78,96,92
"https://ascenten.net/terms-of-use.html",56,87,96,92
"https://ascenten.net/case-study-conventional-firealarm-controlpanel.html",55,77,96,92
"https://ascenten.net/case-study-smoke-thermal-detector.html",56,77,96,92
"https://ascenten.net/case-study-addressable-firealarm-controlpanel.html",57,77,96,92
"https://ascenten.net/critical-building-blocks-of-smart-meters.html",56,76,96,92
"https://ascenten.net/selecting-an-mcu.html",57,76,96,92
"https://ascenten.net/power-line-communications.html",56,76,96,92
"https://ascenten.net/higher-performance-with-less-power-multicore-technology.html",54,76,96,92
"https://ascenten.net/audio-equalizer-a-perspective-on-digital-signal-processing.html",55,76,96,92
"https://ascenten.net/battery-technology-for-electric-vehicles.html",56,76,96,92
"https://ascenten.net/tech-notes-page-2.html",56,80,96,83
"https://ascenten.net/tech-notes-page-3.html",56,80,96,83
"https://ascenten.net/hello-whos-nline.html",55,76,96,92
"https://ascenten.net/teaming-up-with-the-right-partner-for-enabling-next-gen-enterprise-mobility.html",56,76,96,92
"https://ascenten.net/engineering-with-emc-awareness.html",56,76,96,92
"https://ascenten.net/smart-enunciator-for-automobiles.html",56,76,96,92
"https://ascenten.net/the-life-saver-an-in-vehicle-accident-safety-device.html",56,76,96,92
"https://ascenten.net/usb-2-0-to-ethernet-converter.html",56,76,96,92
"https://ascenten.net/x-ray-inspection-of-a-bga.html",56,76,92,92
"https://ascenten.net/fpga-bridge.html",56,77,96,92
"https://ascenten.net/before-the-heat-kicks-in.html",56,76,96,92
"https://ascenten.net/battery-life-in-years-2.html",56,76,96,92
"https://ascenten.net/embedded-fpga-development.html",56,76,96,92
"https://ascenten.net/product-certification-2.html",56,77,96,92
"https://ascenten.net/golden-rules-for-electronic-circuit-design.html",57,76,96,92
"https://ascenten.net/hello-world-2.html",56,76,96,92
"https://ascenten.net/may-2017.html",56,77,96,83
"https://ascenten.net/june-2016.html",56,77,96,83
"https://ascenten.net/may-2016.html",57,77,96,83
"https://ascenten.net/march-2013.html",56,77,96,83
"https://ascenten.net/november-2012.html",56,77,96,83
"https://ascenten.net/october-2012.html",56,77,96,83
"https://ascenten.net/september-2012.html",56,77,96,83
"https://ascenten.net/august-2012.html",55,77,96,83
"https://ascenten.net/july-2012.html",56,77,96,83
"https://ascenten.net/june-2012.html",57,77,96,83
"https://ascenten.net/may-2012.html",57,77,96,83
"https://ascenten.net/april-2012.html",56,77,96,83
"https://ascenten.net/may-2010.html",57,77,96,83
"https://ascenten.net/careers-current-openings.html",56,84,96,92
"https://ascenten.net/careers-apply.html",54,80,96,92